{
  "id": "el-anillo-unico-2e-grey",
  "title": "El Anillo Unico 2E - Grey",
  "version": "1.0.0",
  "compatibility": {
    "minimum": "12",
    "verified": "12"
  },
  "scripts": [
    "init.js"
  ],
  "system": "tor2e",
  "authors": [
    {
      "name": "Grey",
      "flags": {}
    }
  ],
  "packs": [
    {
      "name": "anillo-unico",
      "label": "Anillo Unico",
      "path": "packs/anillo-unico",
      "type": "Adventure",
      "system": "tor2e",
      "ownership": {
        "PLAYER": "OBSERVER",
        "ASSISTANT": "OWNER"
      }
    }
  ],
  "url": "https://github.com/GreyCDevs/tor2-compendio-grey",
  "manifest": "", 
  "download": ""
}